{"cameraMode":{"drawMode":0,"name":"Shaded","section":"Shading Mode"},"sceneLighting":false,"audioPlay":false,"sceneViewState":{"showFog":true,"showMaterialUpdate":false,"showSkybox":true,"showFlares":true,"showImageEffects":true,"showParticleSystems":true},"in2DMode":false,"pivot":{"x":-2.8151867389678957,"y":-9.631567001342774,"z":9.086830139160157},"rotation":{"x":-0.379917174577713,"y":0.23699678480625153,"z":-0.10134760290384293,"w":-0.8883882761001587},"size":33.34229278564453,"orthographic":false}